iSite,θs,θr,Ks,Ψm,σ,θsMacMat_ƞ,σMac,ΨmMac,So,θsMacMat,Φ,θs_Min,θr_Min,Ks_Min,Ψm_Min,σ_Min,θsMacMat_ƞ_Min,σMac_Min,ΨmMac_Min,So_Min,θsMacMat_Min,Φ_Min,θs_Max,θr_Max,Ks_Max,Ψm_Max,σ_Max,θsMacMat_ƞ_Max,σMac_Max,ΨmMac_Max,So_Max,θsMacMat_Max,Φ_Max
1,0.366,0.024,0.06260,588.425,0.981,1.0,0.7675,10.0,1e-7,0.366,0.522105263157895,0.3,0.0,1.0e-8,100.0,0.75,0.75,0.2,1.0,0.0,0.0,0.0,0.6,0.174,1.0,1.0e14,4.0,1.0,2.0,100.0,0.0,0.0,0.0
2,0.469,0.141,0.00151,4524.092,1.933,1.0,0.7675,10.0,1e-7,0.469,0.522105263157895,0.3,0.0,1.0e-8,100.0,0.75,0.75,0.2,1.0,0.0,0.0,0.0,0.6,0.174,1.0,1.0e14,4.0,1.0,2.0,100.0,0.0,0.0,0.0
3,0.366,0.024,0.06260,588.425,0.981,1.0,0.7675,10.0,1e-7,0.366,0.522105263157895,0.3,0.0,1.0e-8,100.0,0.75,0.75,0.2,1.0,0.0,0.0,0.0,0.6,0.174,1.0,1.0e14,4.0,1.0,2.0,100.0,0.0,0.0,0.0
4,0.366,0.024,0.0,588.425,0.981,1.0,0.7675,10.0,1e-7,0.366,0.522105263157895,0.3,0.0,1.0e-8,100.0,0.75,0.75,0.2,1.0,0.0,0.0,0.0,0.6,0.174,1.0,1.0e14,4.0,1.0,2.0,100.0,0.0,0.0,0.0